指标代码,指标名称,分类,单位,频率,定义,影响机制,通常时滞,发布单位,历史观测数,覆盖说明
hog,生猪集贸价格,价格,元/公斤,月度,全国500个县集贸市场与采集点月均价格。不是期货交割地区现货价。,现货价格基准；与出场价分开比较。,当期,农业农村部 / 全国畜牧总站,43,缺失期不填充，原表同期值与上月值保留提取方式。
pork,猪肉集贸零售价格,价格,元/公斤,月度,全国500个县县乡集贸市场猪肉平均价格。,消费端价格；传导通常慢于生猪价格。,当期,农业农村部 / 全国畜牧总站,54,缺失期不填充，原表同期值与上月值保留提取方式。
piglet,仔猪价格,价格,元/公斤,月度,全国500个县集贸市场仔猪平均价格，元/公斤；并非固定15公斤仔猪每头报价。,反映补栏意愿，也影响外购仔猪育肥成本。,约5—6个月,农业农村部 / 全国畜牧总站,56,缺失期不填充，原表同期值与上月值保留提取方式。
corn,玉米集贸价格,成本,元/公斤,月度,全国500个县集贸市场监测价格；玉米含流通环节，不能直接当作农户地头收购价。,成本下降可缓解亏损，也可能延缓退出。,当期及后续育肥周期,农业农村部 / 全国畜牧总站,41,缺失期不填充，原表同期值与上月值保留提取方式。
meal,豆粕集贸价格,成本,元/公斤,月度,全国500个县集贸市场监测价格；玉米含流通环节，不能直接当作农户地头收购价。,成本下降可缓解亏损，也可能延缓退出。,当期及后续育肥周期,农业农村部 / 全国畜牧总站,41,缺失期不填充，原表同期值与上月值保留提取方式。
feed,育肥猪配合饲料价格,成本,元/公斤,月度,全国500个县集贸市场监测价格；玉米含流通环节，不能直接当作农户地头收购价。,成本下降可缓解亏损，也可能延缓退出。,当期及后续育肥周期,农业农村部 / 全国畜牧总站,41,缺失期不填充，原表同期值与上月值保留提取方式。
chicken,鸡肉集贸价格,需求,元/公斤,月度,全国集贸市场月均价；用于观察替代食品价格，不代表实际猪肉消费量。,相对价格改变消费者选择，影响方向取决于替代关系。,当期,农业农村部 / 全国畜牧总站,34,缺失期不填充，原表同期值与上月值保留提取方式。
beef,牛肉集贸价格,需求,元/公斤,月度,全国集贸市场月均价；用于观察替代食品价格，不代表实际猪肉消费量。,相对价格改变消费者选择，影响方向取决于替代关系。,当期,农业农村部 / 全国畜牧总站,41,缺失期不填充，原表同期值与上月值保留提取方式。
lamb,羊肉集贸价格,需求,元/公斤,月度,全国集贸市场月均价；用于观察替代食品价格，不代表实际猪肉消费量。,相对价格改变消费者选择，影响方向取决于替代关系。,当期,农业农村部 / 全国畜牧总站,41,缺失期不填充，原表同期值与上月值保留提取方式。
egg,鸡蛋集贸价格,需求,元/公斤,月度,全国集贸市场月均价；用于观察替代食品价格，不代表实际猪肉消费量。,相对价格改变消费者选择，影响方向取决于替代关系。,当期,农业农村部 / 全国畜牧总站,39,缺失期不填充，原表同期值与上月值保留提取方式。
ratio_mara,猪粮比 · 集贸口径,成本,倍,月度,生猪集贸均价 ÷ 玉米集贸均价，优先采用月报公布值。,衡量相对价格与养殖压力，不能单独判断估值或买点。,当期,农业农村部 / 全国畜牧总站,59,缺失期不填充，原表同期值与上月值保留提取方式。
hog_farm,生猪出场价格 · 发改委,价格,元/公斤,月度,发改委价格监测中心全国代表性养殖场出场价格。,用于发改委猪粮比，不能与集贸玉米混算。,当期,国家发展改革委,43,缺失期不填充，原表同期值与上月值保留提取方式。
gilt,二元母猪销售价格,价格,元/公斤,月度,发改委全国二元母猪销售价格，元/公斤。,补栏与扩产意愿的价格信号。,约10个月及以上,国家发展改革委,43,缺失期不填充，原表同期值与上月值保留提取方式。
white,白条猪批发价 · 全国,价格,元/公斤,月度,全国200个重点农产品批发市场白条猪价格。,观察从养殖到消费端的价格传导；不同部位不可直接拼接。,当期,农业农村部,43,缺失期不填充，原表同期值与上月值保留提取方式。
city_white,白条猪批发价 · 36城,价格,元/公斤,月度,36个大中城市批发市场白条猪平均价格。,观察从养殖到消费端的价格传导；不同部位不可直接拼接。,当期,商务部,43,缺失期不填充，原表同期值与上月值保留提取方式。
lean,精瘦肉零售价 · 36城,价格,元/公斤,月度,36个大中城市精瘦肉平均零售价格。,观察从养殖到消费端的价格传导；不同部位不可直接拼接。,当期,国家发展改革委,43,缺失期不填充，原表同期值与上月值保留提取方式。
leg,后腿肉零售价 · 36城,价格,元/公斤,月度,36个大中城市后腿肉零售价格；历史品种标准有调整。,观察从养殖到消费端的价格传导；不同部位不可直接拼接。,当期,商务部,43,缺失期不填充，原表同期值与上月值保留提取方式。
ratio_ndrc,猪粮比 · 发改委,成本,倍,月度,全国生猪出场价 ÷ 全国玉米批发价。与集贸口径独立展示。,政策监测指标；预警不等于立刻反转。,当期,国家发展改革委,40,截至2025年8月；后续联合月报未继续列出，不能当作当前成本。
sows,能繁母猪存栏,供给,万头,月度,季度末为国家统计局调查值；其余月份为农业农村部定点监测推算值。,未来供给的领先指标，必须结合繁殖效率。,通常约9—11个月,国家统计局 / 农业农村部,42,缺失期不填充，原表同期值与上月值保留提取方式。
inventory,生猪存栏,供给,万头,季度,季度末生猪存栏，包含各年龄段。,供给蓄水池；不能全部理解为近期可出栏猪。,分年龄约0—6个月,国家统计局,17,缺失期不填充，原表同期值与上月值保留提取方式。
outbound_ytd,累计生猪出栏,供给,万头,季度累计,年初至季度末累计出栏，不能跨年连续相加。,已兑现供应量。,当期,国家统计局,17,缺失期不填充，原表同期值与上月值保留提取方式。
pork_ytd,累计猪肉产量,供给,万吨,季度累计,年初至季度末累计猪肉产量，不能与全年值直接同比。,比单看出栏头数更接近肉的实际供应。,当期,国家统计局,17,缺失期不填充，原表同期值与上月值保留提取方式。
slaughter,规模以上定点屠宰量,供给,万头,月度,年屠宰量2万头以上企业。2025年7月发生统计范围变化，两个序列不拼接。,屠宰端供应兑现，亦受需求和行业集中度影响。,当期,农业农村部,39,2025年7月结束原范围，后续单列全部定点企业。
slaughter_all,全部定点屠宰量,供给,万头,月度,全部生猪定点屠宰企业。2025年7月发生统计范围变化，两个序列不拼接。,屠宰端供应兑现，亦受需求和行业集中度影响。,当期,农业农村部,4,2025年7月启用新统计范围，本版已取得4个历史月份。
small_cost,散养每头成本,成本,元/头,月度,发改委成本收益调查口径，成本含现金、实物、劳动力、土地等全部要素；净利润采用原表四舍五入值。,利润影响扩产、补栏、退出；不等于某一家企业的现金成本。,当期利润 → 后续产能,国家发展改革委,40,截至2025年8月；后续联合月报未继续列出，不能当作当前成本。
small_profit,散养每头净利润,成本,元/头,月度,发改委成本收益调查口径，成本含现金、实物、劳动力、土地等全部要素；净利润采用原表四舍五入值。,利润影响扩产、补栏、退出；不等于某一家企业的现金成本。,当期利润 → 后续产能,国家发展改革委,40,截至2025年8月；后续联合月报未继续列出，不能当作当前成本。
small_revenue,散养每头产值,成本,元/头,月度,发改委成本收益调查口径，成本含现金、实物、劳动力、土地等全部要素；净利润采用原表四舍五入值。,利润影响扩产、补栏、退出；不等于某一家企业的现金成本。,当期利润 → 后续产能,国家发展改革委,40,截至2025年8月；后续联合月报未继续列出，不能当作当前成本。
scale_cost,规模养殖每头成本,成本,元/头,月度,发改委成本收益调查口径，成本含现金、实物、劳动力、土地等全部要素；净利润采用原表四舍五入值。,利润影响扩产、补栏、退出；不等于某一家企业的现金成本。,当期利润 → 后续产能,国家发展改革委,40,截至2025年8月；后续联合月报未继续列出，不能当作当前成本。
scale_profit,规模养殖每头净利润,成本,元/头,月度,发改委成本收益调查口径，成本含现金、实物、劳动力、土地等全部要素；净利润采用原表四舍五入值。,利润影响扩产、补栏、退出；不等于某一家企业的现金成本。,当期利润 → 后续产能,国家发展改革委,40,截至2025年8月；后续联合月报未继续列出，不能当作当前成本。
scale_revenue,规模养殖每头产值,成本,元/头,月度,发改委成本收益调查口径，成本含现金、实物、劳动力、土地等全部要素；净利润采用原表四舍五入值。,利润影响扩产、补栏、退出；不等于某一家企业的现金成本。,当期利润 → 后续产能,国家发展改革委,40,截至2025年8月；后续联合月报未继续列出，不能当作当前成本。
imports,进口猪肉量,贸易,万吨,月度,海关统计，猪肉与猪杂碎分开列示；累计值不混入月度序列。,改变国内可用供应；杂碎不是猪肉替代的等量口径。,当期,海关总署,39,缺失期不填充，原表同期值与上月值保留提取方式。
offal_imports,进口猪杂碎量,贸易,万吨,月度,海关统计，猪肉与猪杂碎分开列示；累计值不混入月度序列。,改变国内可用供应；杂碎不是猪肉替代的等量口径。,当期,海关总署,39,缺失期不填充，原表同期值与上月值保留提取方式。
exports,出口猪肉量,贸易,万吨,月度,海关统计，猪肉与猪杂碎分开列示；累计值不混入月度序列。,改变国内可用供应；杂碎不是猪肉替代的等量口径。,当期,海关总署,32,缺失期不填充，原表同期值与上月值保留提取方式。
offal_exports,出口猪杂碎量,贸易,万吨,月度,海关统计，猪肉与猪杂碎分开列示；累计值不混入月度序列。,改变国内可用供应；杂碎不是猪肉替代的等量口径。,当期,海关总署,32,缺失期不填充，原表同期值与上月值保留提取方式。
sows_annual,年末能繁母猪,供给,万头,年度,国家统计局当年年度农业生产报告公布值；保留各年原始发布版本。年度值标在12月，不是12月单月值。,供需与生产成本的年度结构指标，不能代替短期交易信号。,当期,国家统计局,5,缺失期不填充，原表同期值与上月值保留提取方式。
inventory_annual,年末生猪存栏,供给,万头,年度,国家统计局当年年度农业生产报告公布值；保留各年原始发布版本。年度值标在12月，不是12月单月值。,供需与生产成本的年度结构指标，不能代替短期交易信号。,当期,国家统计局,5,缺失期不填充，原表同期值与上月值保留提取方式。
outbound_annual,全年生猪出栏,供给,万头,年度,国家统计局当年年度农业生产报告公布值；保留各年原始发布版本。年度值标在12月，不是12月单月值。,供需与生产成本的年度结构指标，不能代替短期交易信号。,当期,国家统计局,5,缺失期不填充，原表同期值与上月值保留提取方式。
pork_annual,全年猪肉产量,供给,万吨,年度,国家统计局当年年度农业生产报告公布值；保留各年原始发布版本。年度值标在12月，不是12月单月值。,供需与生产成本的年度结构指标，不能代替短期交易信号。,当期,国家统计局,5,缺失期不填充，原表同期值与上月值保留提取方式。
poultry_annual,全年禽肉产量,需求,万吨,年度,国家统计局当年年度农业生产报告公布值；保留各年原始发布版本。年度值标在12月，不是12月单月值。,供需与生产成本的年度结构指标，不能代替短期交易信号。,当期,国家统计局,5,缺失期不填充，原表同期值与上月值保留提取方式。
beef_annual,全年牛肉产量,需求,万吨,年度,国家统计局当年年度农业生产报告公布值；保留各年原始发布版本。年度值标在12月，不是12月单月值。,供需与生产成本的年度结构指标，不能代替短期交易信号。,当期,国家统计局,5,缺失期不填充，原表同期值与上月值保留提取方式。
lamb_annual,全年羊肉产量,需求,万吨,年度,国家统计局当年年度农业生产报告公布值；保留各年原始发布版本。年度值标在12月，不是12月单月值。,供需与生产成本的年度结构指标，不能代替短期交易信号。,当期,国家统计局,5,缺失期不填充，原表同期值与上月值保留提取方式。
meat_annual,全年猪牛羊禽肉产量,供给,万吨,年度,国家统计局当年年度农业生产报告公布值；保留各年原始发布版本。年度值标在12月，不是12月单月值。,供需与生产成本的年度结构指标，不能代替短期交易信号。,当期,国家统计局,5,缺失期不填充，原表同期值与上月值保留提取方式。
eggs_annual,全年禽蛋产量,需求,万吨,年度,国家统计局当年年度农业生产报告公布值；保留各年原始发布版本。年度值标在12月，不是12月单月值。,供需与生产成本的年度结构指标，不能代替短期交易信号。,当期,国家统计局,5,缺失期不填充，原表同期值与上月值保留提取方式。
corn_annual,全年玉米产量,成本,亿斤,年度,国家统计局当年年度农业生产报告公布值；保留各年原始发布版本。年度值标在12月，不是12月单月值。,供需与生产成本的年度结构指标，不能代替短期交易信号。,当期,国家统计局,5,缺失期不填充，原表同期值与上月值保留提取方式。
soy_annual,全年大豆产量,成本,亿斤,年度,国家统计局当年年度农业生产报告公布值；保留各年原始发布版本。年度值标在12月，不是12月单月值。,供需与生产成本的年度结构指标，不能代替短期交易信号。,当期,国家统计局,5,缺失期不填充，原表同期值与上月值保留提取方式。
hog_ppi,生猪生产者价格同比,价格,%,年度,国家统计局当年年度农业生产报告公布值；保留各年原始发布版本。年度值标在12月，不是12月单月值。,供需与生产成本的年度结构指标，不能代替短期交易信号。,当期,国家统计局,5,缺失期不填充，原表同期值与上月值保留提取方式。
corn_ppi,玉米生产者价格同比,成本,%,年度,国家统计局当年年度农业生产报告公布值；保留各年原始发布版本。年度值标在12月，不是12月单月值。,供需与生产成本的年度结构指标，不能代替短期交易信号。,当期,国家统计局,5,缺失期不填充，原表同期值与上月值保留提取方式。
consumption_annual,家庭人均猪肉消费量,需求,公斤/人/年,年度,居民家庭调查记账口径，不等于包含全部外食、损耗及库存变动的全国猪肉总消费。,观察家庭购买结构；不能据此单独推断总需求。,当期,国家统计局,5,缺失期不填充，原表同期值与上月值保留提取方式。
imports_annual,进口猪肉 · 全年,贸易,万吨,年度,海关1—12月累计量，年度原始发布版本。,改变国内可用供应；杂碎不是猪肉替代的等量口径。,当期,海关总署,5,缺失期不填充，原表同期值与上月值保留提取方式。
offal_imports_annual,进口猪杂碎 · 全年,贸易,万吨,年度,海关1—12月累计量，年度原始发布版本。,改变国内可用供应；杂碎不是猪肉替代的等量口径。,当期,海关总署,5,缺失期不填充，原表同期值与上月值保留提取方式。
exports_annual,出口猪肉 · 全年,贸易,万吨,年度,海关1—12月累计量，年度原始发布版本。,改变国内可用供应；杂碎不是猪肉替代的等量口径。,当期,海关总署,5,缺失期不填充，原表同期值与上月值保留提取方式。
offal_exports_annual,出口猪杂碎 · 全年,贸易,万吨,年度,海关1—12月累计量，年度原始发布版本。,改变国内可用供应；杂碎不是猪肉替代的等量口径。,当期,海关总署,5,缺失期不填充，原表同期值与上月值保留提取方式。
carcass_proxy,平均每头猪肉产出 · 推算,供给,公斤/头,年度,全年猪肉产量÷全年生猪出栏×1000。属于总量比值代理，非全国实测出栏活重；不用于推算育肥天数。,揭示头数与肉量可能分化；也受统计范围和结构变化影响。,当期,根据国家统计局数据计算,5,缺失期不填充，原表同期值与上月值保留提取方式。
availability_annual,库存调整前猪肉可供量,供给,万吨,年度,全年猪肉产量+全年进口猪肉-全年出口猪肉。不包含冻品库存变化，不等于实际消费量。,观察总供给及进口边际影响，库存会改变当期可用量。,当期,根据国家统计局 / 海关数据计算,5,缺失期不填充，原表同期值与上月值保留提取方式。
restaurant_annual,全年餐饮收入,需求,亿元,年度,全国餐饮服务名义收入，包含价格和服务结构变化；不是猪肉消费量。,反映外食活动变化，不能把收入增长等同肉类消费量增长。,当期,国家统计局,5,缺失期不填充，原表同期值与上月值保留提取方式。
pigfeed_annual,全年猪饲料产量,成本,万吨,年度,全国饲料工业统计猪饲料产量；不包含全部养殖场自产自用饲料。,观察商业饲料需求与养殖活动；配方、体重及工业料渗透率变化影响解释，不能等同比例推算猪存栏。,年度结构变化,中国饲料工业协会 / 农业农村部,5,2021—2025年度五期完整；年度落点为12月，不代表发布日期。
industrialfeed_annual,全年工业饲料总产量,成本,万吨,年度,全国工业饲料产量，包含猪、禽、水产及其他饲料；不是猪饲料量。,观察饲料原料总需求，需结合动物种类结构与配方。,年度结构变化,中国饲料工业协会 / 农业农村部,5,2021—2025年度五期完整；年度落点为12月，不代表发布日期。
population_annual,年末全国人口,需求,万人,年度,大陆31省区市和现役军人人口；不包括港澳台居民和外籍人员。,人口总量影响长期需求，人均消费、年龄和偏好也会变化。,年度结构变化,国家统计局,5,2021—2025年度五期完整；年度落点为12月，不代表发布日期。
income_annual,居民人均可支配收入,需求,元/人/年,年度,全国居民人均可支配收入名义年度值；不是实际收入，也不是猪肉消费预算。,购买力影响需求结构，但收入增长不必然增加猪肉数量。,年度结构变化,国家统计局,5,2021—2025年度五期完整；年度落点为12月，不代表发布日期。
lh_daily_volume_annual,LH全年日均成交量,期货,万手,年度,大商所生猪期货全部合约年度报告值；日均持仓不是年末持仓，不代表LH2611或实时市场。,观察品种参与度与流动性；成交或持仓增加不能单独判断多空方向。,年度结构变化,大连商品交易所（投保中心官方转载）,2,仅有部分年度，缺失年份不连线、不补值；全品种年度流动性不代表指定合约实时行情。
lh_daily_oi_annual,LH全年日均持仓量,期货,万手,年度,大商所生猪期货全部合约年度报告值；日均持仓不是年末持仓，不代表LH2611或实时市场。,观察品种参与度与流动性；成交或持仓增加不能单独判断多空方向。,年度结构变化,大连商品交易所（投保中心官方转载）,2,仅有部分年度，缺失年份不连线、不补值；全品种年度流动性不代表指定合约实时行情。
lh_volume_annual,LH全年成交量,期货,万手,年度,大商所生猪期货全部合约年度报告值；日均持仓不是年末持仓，不代表LH2611或实时市场。,观察品种参与度与流动性；成交或持仓增加不能单独判断多空方向。,年度结构变化,大连商品交易所（投保中心官方转载）,1,仅有部分年度，缺失年份不连线、不补值；全品种年度流动性不代表指定合约实时行情。
,PSY / MSY / 窝均健仔数,供给,,待核验,母猪场生产记录；样本覆盖、品种与时间口径必须一致。,有效产能≈母猪数量×繁殖效率；效率改善可抵消母猪减少。,约9—11个月,,0,未取得可比五年序列
,仔猪出生量与仔猪存栏,供给,,待核验,全国可比月度出生量、断奶量与成活率。,比母猪头数更接近未来肥猪供给。,约5—6个月,,0,未取得可比五年序列
,出栏活重与大猪占比,供给,,待核验,育肥猪实测活重、不同体重出栏占比；全国连续样本不足。,压栏增重可以让出栏头数下降、肉量仍增加。,当期至数月,,0,未取得可比五年序列
,二次育肥与压栏,供给,,待核验,二育买入、退出、库存与样本方法。,先减少当期上市，再增加后期供给；不能视作永久去产能。,数周至数月,,0,未取得可比五年序列
,上市养殖企业出栏与资本开支,供给,,待核验,交易所公告与公司月报，剔除种猪仔猪口径差异。,扩产与集中度提升会改变供给弹性；企业样本不是全国总量。,当期及约1年以上,,0,未取得可比五年序列
,屠宰开工率与白条走货,供给,,待核验,同样本屠宰厂实际开工、订单和销量。,观察需求承接力度；开工率也受有效产能分母变化影响。,当期,,0,未取得可比五年序列
,月度猪饲料产量,成本,,待核验,年度五年值已收集；还需连续月度、同口径分类产量。,观察养殖活动与饲料需求；自产料和配方变化影响解释。,当期至数月,,0,未取得可比五年序列
,料肉比与全程成活率,成本,,待核验,同规模、同育肥阶段样本的饲料转化率及成活率。,直接改变每公斤增重成本和每头可售成本。,一个育肥周期,,0,未取得可比五年序列
,玉米地头价与湿粮折价,成本,,待核验,地区、标准水分、质量等级、到厂/地头口径分开。,农户收入还受含水率、品质、烘干与本地收购影响。,新粮上市季及当期,,0,未取得可比五年序列
,仔猪每头购入价与自繁成本,成本,,待核验,固定体重仔猪每头价，不用元/公斤价格直接代替。,外购育肥与自繁自养的盈亏线不同。,约5—6个月,,0,未取得可比五年序列
,人工 / 能源 / 运费 / 防疫 / 利息,成本,,待核验,养殖场全成本调查及区域运价、融资成本。,会移动成本线，也决定持续亏损时的退出速度。,当期及后续产能,,0,未取得可比五年序列
,冻品库存与鲜冻价差,库存,,待核验,全国或同样本库存吨数、库容分母及库存年龄。,入库吸收现货，出库增加供应；库存数据可能比猪粮比更接近短期压力。,当期至数月,,0,未取得可比五年序列
,储备采购实际成交与投放量,库存,,待核验,储备招标、成交、投放公告的逐笔核验。,计划量不等于成交量；方向、时间和规模共同决定影响。,当期至数月,,0,未取得可比五年序列
,居民年龄结构与肉类偏好,需求,,待核验,人口总量与居民收入年度值已收集；年龄结构和偏好变化仍缺可比序列。,决定长期消费结构；总量与人均量应分开观察。,年度结构变化,,0,未取得可比五年序列
,节假日 / 腌腊 / 学校开学,需求,,待核验,日历与地区消费行为；事件变量不做伪连续数值。,影响消费季节性与备货，但不改变长期产能。,数周至季度,,0,未取得可比五年序列
,猪肉实际消费总量与终端订单,需求,,待核验,包含外食的肉类量、商超销售、团餐和订单量。,家庭记账和餐饮收入都无法独立代表全部猪肉消费。,当期,,0,未取得可比五年序列
,人民币汇率 / 海外猪价 / 关税,贸易,,待核验,同产品、同贸易条款的到岸价、税率与汇率。,改变进口到岸成本与进口利润。,进口订单至到港,,0,未取得可比五年序列
,进口在途与替代肉进口,贸易,,待核验,在途量、冻品报盘、牛禽肉进口量。,订单、到港与当期海关进口存在时差。,约1—3个月,,0,未取得可比五年序列
,环保 / 用地 / 信贷 / 保险 / 扩产约束,政策,,待核验,政策发布时间、实施地区与实际执行；逐事件记录。,改变进入和退出成本，地区执行强度可能不同。,数月至数年,,0,未取得可比五年序列
,非洲猪瘟及其他疫病,冲击,,待核验,官方疫情事件、淘汰规模、成活率；不能把报告数当实际流行率。,短期淘汰增加上市、随后有效产能可能下降；隐性损失难统计。,当期及后续周期,,0,未取得可比五年序列
,高温 / 洪水 / 寒潮 / 运输限制,冲击,,待核验,主产区气象、灾情和交通事件，按地理权重合成。,改变采食、增重、成活、运力及消费。,当期至数月,,0,未取得可比五年序列
,LH各合约结算价 / 成交 / 持仓,期货,,待核验,已有2021、2025部分年度流动性数据；尚未取得连续五年逐合约日行情。,预期、流动性与仓位共同影响期货价格。,每日,,0,未取得可比五年序列
,基差 / 跨期价差 / 季节性,期货,,待核验,地区现货与指定合约配对，保留换月规则。,需同交割地区现货、同日期、同品质；主力切换可能制造跳变。,对应交割月份,,0,未取得可比五年序列
,仓单 / 交割 / 保证金与限仓变化,期货,,待核验,大商所规则与公告按生效日期整理。,影响可交割供应、资金压力和价格波动。,临近交割与政策生效时,,0,未取得可比五年序列
